-- FlowHub 种子数据
-- 插入 5 个工作流 + 评价 + 推广位 + 推广位申请

-- ========== 推广位 ==========
INSERT INTO ad_slots (id, name, description, daily_impressions, ctr_baseline, package_price, package_unit, cpc_min) VALUES
('hero', '首页 Hero 卡片', '首页最显眼位置,独占整张大卡', 18500, '15-25%', 4200, '周', 2.5),
('featured', '本周精选位', '首页本周精选区域,1 个共 5 个位置', 12000, '8-12%', 2800, '周', 1.5),
('category_top', '分类页置顶', '指定分类页第一屏,1 个共 3 个位置', 6500, '10-18%', 1800, '周', 1.2),
('category_inline', '分类页腰部', '指定分类页混排在卡片网格中', 4200, '5-10%', 800, '周', 0.6),
('sidebar', '工作流详情页侧栏', '所有详情页右侧推荐栏', 8800, '3-7%', 1200, '周', 0.4)
ON CONFLICT (id) DO NOTHING;

-- ========== 工作流 ==========
INSERT INTO workflows (id, name, slug, tagline, description, category, tags, type, target_url, cover_color, status, rating, review_count, seed_clicks, seed_clicks_7d, price_model, price_amount, is_free, pro_only, cost_per_call, examples, created_at) VALUES
(
  'wf_seed_picspark',
  'PicSpark · 商品图 AI',
  'picspark-product-photo',
  '电商商品图 AI 生成 · 一键换背景 / 模特上身 / 节日营销',
  'PicSpark 是专门为电商场景设计的 AI 商品图生成工具。无论你是要换背景、生成模特上身图、做节日营销海报,都能一键完成。基于扩散模型 + 视觉理解,生成质量接近专业摄影。',
  '设计 · 海报',
  ARRAY['电商', 'AI 生图', '中文'],
  'self',
  'https://www.picspark.cn',
  '#1A5D3A',
  'active',
  4.9, 2830, 4500, 380,
  'pro', 0, false, true, 1,
  '[{"label":"场景 · 商品换背景","text":"输入:一张白底奶粉罐照片\n输出:同一罐奶粉,但在温馨的家庭厨房场景中,自然光照明,配以新鲜水果作为陪衬"},{"label":"场景 · 节日营销图","text":"输入:口红产品图\n输出:春节红金主题海报,口红嵌入福字图案,左下角自动留出文案区域"}]'::jsonb,
  '2026-04-15'
),
(
  'wf_seed_xhs',
  '小红书爆款笔记生成',
  'xhs-note-generator',
  '输入关键词,产出符合平台调性的完整笔记',
  '抓住小红书的第三人称口吻、emoji 节奏、热搜词 hook。每次返回 3 种风格变体(干货向、故事向、对比向),供你按账号定位挑选。',
  '写作 · 文案',
  ARRAY['小红书', '种草', '内容'],
  'self',
  'https://flowhub.cn/run/xhs-note',
  '#1E3A8A',
  'active',
  4.8, 1247, 2100, 210,
  'pro', 0, false, true, 1,
  '[{"label":"场景 · 美妆笔记","text":"输入:平价精华水 · 25-30 岁敏感肌\n输出:敏感肌姐妹冲!这瓶平价精华水我藏了三个月才舍得分享 ✨ ..."}]'::jsonb,
  '2026-04-20'
),
(
  'wf_seed_palette',
  '品牌色板生成',
  'brand-palette',
  '输入品牌关键词,生成完整 VI 配色方案',
  '基于色彩心理学和品牌定位理论,自动产出 6 色完整配色 + 主辅色应用建议 + 配色禁忌。',
  '设计 · 海报',
  ARRAY['VI', '配色', '品牌'],
  'self',
  'https://flowhub.cn/run/palette',
  '#B83A6B',
  'active',
  4.7, 612, 890, 95,
  'pro', 0, false, true, 1,
  '[]'::jsonb,
  '2026-04-25'
),
(
  'wf_seed_resume',
  '简历优化助手(合作方)',
  'resume-optimizer',
  '针对岗位 JD 优化简历,给出修改建议',
  '上传简历 + 目标岗位描述,AI 给出针对性改写建议,包括关键词覆盖、量化成果表述、格式优化。',
  '其他',
  ARRAY['求职', '简历', '免费'],
  'recommend',
  'https://example-resume.com',
  '#5B3FA8',
  'active',
  4.5, 1842, 3200, 280,
  'cps', 8, false, false, 1,
  '[]'::jsonb,
  '2026-05-01'
),
(
  'wf_seed_compete',
  '竞品监控周报(合作方)',
  'compete-monitor',
  '自动抓取竞品官网与社媒,产出洞察周报',
  '加入竞品列表 → 每周一自动生成竞品动态周报 → 邮箱推送。覆盖产品更新、价格变化、营销活动、社媒舆情。',
  '营销 · 增长',
  ARRAY['竞品', '情报', '订阅'],
  'recommend',
  'https://example-compete.com',
  '#B85C00',
  'active',
  4.8, 287, 640, 72,
  'cpc', 1.2, false, false, 1,
  '[]'::jsonb,
  '2026-05-03'
),
(
  'wf_seed_translate',
  '多语言翻译大师',
  'multi-translate',
  '支持 50+ 语言的智能翻译,保留语境和风格',
  '基于大语言模型的多语言翻译工具。不同于传统机翻,能准确理解上下文语境,保持原文风格和专业术语。支持文档批量翻译。',
  '写作 · 文案',
  ARRAY['翻译', '多语言', '文档'],
  'self',
  'https://flowhub.cn/run/translate',
  '#0D7377',
  'active',
  4.7, 956, 1800, 165,
  'pro', 0, false, true, 1,
  '[{"label":"场景 · 商务邮件","text":"输入:中文商务邮件\n输出:地道的英文商务邮件,保留原文的礼貌程度和正式感"}]'::jsonb,
  '2026-04-18'
),
(
  'wf_seed_codereview',
  '代码 Review 助手',
  'code-review',
  '自动审查代码质量,发现潜在 Bug 和安全漏洞',
  '提交代码片段或 GitHub PR 链接,AI 自动进行代码审查。覆盖代码风格、性能优化、安全漏洞、最佳实践等维度。',
  '编程 · 开发',
  ARRAY['代码审查', '安全', 'GitHub'],
  'self',
  'https://flowhub.cn/run/codereview',
  '#24292E',
  'active',
  4.8, 723, 1520, 198,
  'pro', 0, false, true, 1,
  '[]'::jsonb,
  '2026-04-22'
),
(
  'wf_seed_poster',
  '节日海报生成器',
  'holiday-poster',
  '输入节日 + 品牌元素,生成多款营销海报',
  '覆盖春节、618、双 11、圣诞等 30+ 节日模板。输入品牌 Logo 和主色调,自动生成符合品牌调性的节日营销海报。',
  '设计 · 海报',
  ARRAY['海报', '营销', '节日'],
  'self',
  'https://flowhub.cn/run/poster',
  '#DC2626',
  'active',
  4.6, 438, 980, 125,
  'pro', 0, false, true, 1,
  '[]'::jsonb,
  '2026-04-28'
),
(
  'wf_seed_meeting',
  '会议纪要提取',
  'meeting-notes',
  '上传录音或文本,自动生成结构化会议纪要',
  '支持上传录音文件或粘贴文字记录,自动识别发言人、提取关键决策、待办事项、时间节点,生成结构化纪要并可导出。',
  '效率 · 办公',
  ARRAY['会议', '纪要', '效率'],
  'self',
  'https://flowhub.cn/run/meeting',
  '#7C3AED',
  'active',
  4.9, 1102, 2350, 312,
  'pro', 0, false, true, 1,
  '[]'::jsonb,
  '2026-04-10'
),
(
  'wf_seed_dataclean',
  '数据清洗助手',
  'data-clean',
  '上传 Excel/CSV,自动清洗格式化数据',
  '识别并修复数据中的格式不一致、重复值、缺失值、异常值。支持自定义清洗规则,处理完成后导出干净数据。',
  '数据 · 分析',
  ARRAY['数据', 'Excel', '清洗'],
  'self',
  'https://flowhub.cn/run/dataclean',
  '#059669',
  'active',
  4.6, 389, 760, 88,
  'pro', 0, false, true, 1,
  '[]'::jsonb,
  '2026-05-02'
),
(
  'wf_seed_seo',
  'SEO 文章优化器(合作方)',
  'seo-optimizer',
  '输入关键词,生成 SEO 友好的长文章',
  '基于搜索引擎算法分析,自动优化文章结构、关键词密度、标题层级、内链建议,提升搜索排名。',
  '营销 · 增长',
  ARRAY['SEO', '内容营销', '搜索'],
  'recommend',
  'https://example-seo.com',
  '#EA580C',
  'active',
  4.4, 567, 1100, 142,
  'cpc', 0.8, false, false, 1,
  '[]'::jsonb,
  '2026-04-30'
),
(
  'wf_seed_contract',
  '合同风险审查(合作方)',
  'contract-review',
  '上传合同,AI 标注风险条款和修改建议',
  '基于法律知识库训练,自动识别合同中的不公平条款、缺失条款、法律风险,给出修改建议和风险等级评估。',
  '其他',
  ARRAY['法律', '合同', '风控'],
  'recommend',
  'https://example-legal.com',
  '#1E40AF',
  'active',
  4.7, 234, 520, 68,
  'cps', 12, false, false, 1,
  '[]'::jsonb,
  '2026-05-05'
),
(
  'wf_seed_social',
  '社媒排期管家',
  'social-scheduler',
  '一键规划多平台内容日历,自动排期发布',
  '支持微博、抖音、小红书、公众号等主流平台。输入内容主题和发布频率,自动生成一周/月内容日历和文案草稿。',
  '营销 · 增长',
  ARRAY['社媒', '排期', '内容'],
  'self',
  'https://flowhub.cn/run/social',
  '#DB2777',
  'active',
  4.5, 678, 1350, 156,
  'pro', 0, false, true, 1,
  '[]'::jsonb,
  '2026-04-26'
),
(
  'wf_seed_sql',
  'SQL 查询生成器',
  'sql-generator',
  '用自然语言描述需求,自动生成 SQL 查询',
  '支持 MySQL、PostgreSQL、SQLite 等主流数据库。描述你的查询需求,自动生成优化后的 SQL,并附带执行计划分析。',
  '编程 · 开发',
  ARRAY['SQL', '数据库', '查询'],
  'self',
  'https://flowhub.cn/run/sql',
  '#0369A1',
  'active',
  4.8, 1456, 2680, 345,
  'free', 0, true, false, 1,
  '[]'::jsonb,
  '2026-04-12'
),
(
  'wf_seed_email',
  '邮件模板工厂(合作方)',
  'email-templates',
  '输入场景和要点,生成专业邮件模板',
  '覆盖商务沟通、客户跟进、面试邀约、催款提醒等 50+ 常见场景。支持中英双语,一键生成得体的邮件正文。',
  '效率 · 办公',
  ARRAY['邮件', '商务', '模板'],
  'recommend',
  'https://example-email.com',
  '#4338CA',
  'active',
  4.3, 892, 1650, 198,
  'cpc', 0.5, false, false, 1,
  '[]'::jsonb,
  '2026-05-06'
)
ON CONFLICT (id) DO NOTHING;

-- ========== 评价 ==========
INSERT INTO reviews (id, workflow_id, user_name, avatar, rating, text, date, created_at) VALUES
('rv_1', 'wf_seed_picspark', '电商小赵', '赵', 5, '主图换背景效果非常自然,比之前用 PS 抠图省了 80% 时间。强推!', '3 天前', NOW() - INTERVAL '3 days'),
('rv_2', 'wf_seed_picspark', '跨境老王', '王', 5, '节日海报这块尤其好用,春节促销前批量生成了 200+ 张图,客户验收一次过。', '1 周前', NOW() - INTERVAL '7 days'),
('rv_3', 'wf_seed_picspark', '某 MCN 运营', '李', 4, '整体很好,偶尔模特图的手部细节会有问题,需要手动挑选。', '2 周前', NOW() - INTERVAL '14 days'),
('rv_4', 'wf_seed_picspark', '独立设计师 J', 'J', 5, '终于不用每次都开 Photoshop 了。客户改方案也能秒响应,生产力提升 10 倍不夸张。', '3 周前', NOW() - INTERVAL '21 days'),
('rv_5', 'wf_seed_picspark', '某护肤品牌主理人', '陈', 5, '我们 3 人电商小团队,以前每月在外包修图上花 ¥8000+。用了 PicSpark 之后,改成 ¥39 月费,且效率更高。', '1 个月前', NOW() - INTERVAL '30 days'),
('rv_6', 'wf_seed_picspark', '某童装店', '吴', 4, '生成速度很快,大部分场景都能用。希望能加一个「同款多尺寸输出」的功能。', '1 个月前', NOW() - INTERVAL '35 days'),
('rv_xhs_1', 'wf_seed_xhs', '小红书博主 @云朵', '云', 5, '终于不用绞尽脑汁想 hook 了。生成 3 个版本任挑,平台调性把握得很准。', '5 天前', NOW() - INTERVAL '5 days'),
('rv_xhs_2', 'wf_seed_xhs', '某美妆代运营', '美', 4, '日常种草笔记很好用,但生硬植入广告时还是需要手动调一调。', '2 周前', NOW() - INTERVAL '14 days'),
('rv_xhs_3', 'wf_seed_xhs', '探店小老板', '探', 5, '一个月发了 30 篇笔记,涨粉 1200。AI 出脚本,我只需要拍照和发布。', '3 周前', NOW() - INTERVAL '21 days'),
('rv_pal_1', 'wf_seed_palette', '品牌策划 Yuki', 'Y', 5, '给客户做 VI 提案,色板配套理由都给了,客户接受度极高。', '1 周前', NOW() - INTERVAL '7 days'),
('rv_pal_2', 'wf_seed_palette', '独立咖啡品牌', '咖', 4, '配色提案很有启发性,虽然最终用了改良版,但起点比从零强 100 倍。', '2 周前', NOW() - INTERVAL '14 days'),
('rv_resume_1', 'wf_seed_resume', '应届毕业生', '生', 5, '关键词优化后,投简历回复率从 5% 提到 22%。', '4 天前', NOW() - INTERVAL '4 days'),
('rv_resume_2', 'wf_seed_resume', '某互联网 PM', 'P', 4, '量化表述建议很专业,适合写到亮点项目。', '2 周前', NOW() - INTERVAL '14 days'),
('rv_compete_1', 'wf_seed_compete', 'SaaS 创业者', 'S', 5, '每周一收到周报,省下我自己刷竞品官网的时间,价值无价。', '1 周前', NOW() - INTERVAL '7 days'),
('rv_compete_2', 'wf_seed_compete', '某市场负责人', 'M', 5, '舆情监控部分尤其好,竞品负面热搜出来 30 分钟就能收到推送。', '3 周前', NOW() - INTERVAL '21 days'),
('rv_trans_1', 'wf_seed_translate', '外贸业务员', '贸', 5, '终于不用一段段丢进翻译器了,整篇文档保持格式翻译,客户直接能用。', '3 天前', NOW() - INTERVAL '3 days'),
('rv_trans_2', 'wf_seed_translate', '跨境卖家 Leo', 'L', 4, '日语和韩语翻译质量很高,小语种偶尔需要校对,但已经比 Google Translate 好太多。', '1 周前', NOW() - INTERVAL '7 days'),
('rv_code_1', 'wf_seed_codereview', '全栈工程师', '码', 5, '提交 PR 前先过一遍,能发现不少低级错误和潜在的安全隐患,相当于一个不知疲倦的 reviewer。', '2 天前', NOW() - INTERVAL '2 days'),
('rv_code_2', 'wf_seed_codereview', 'CTO 小张', '张', 5, '团队 15 人,用了之后 code review 效率提升明显,特别是能 catch 住内存泄漏问题。', '1 周前', NOW() - INTERVAL '7 days'),
('rv_meeting_1', 'wf_seed_meeting', '产品经理 Amy', 'A', 5, '开会再也不用边听边记了,录音传上去自动出纪要,还能识别不同人的发言。', '1 天前', NOW() - INTERVAL '1 day'),
('rv_meeting_2', 'wf_seed_meeting', '某咨询公司', '咨', 5, '客户访谈直接录音转纪要,效率提升 5 倍,待办事项自动提取太好用了。', '5 天前', NOW() - INTERVAL '5 days'),
('rv_sql_1', 'wf_seed_sql', '数据分析师', '析', 5, '不会写复杂 JOIN 的同事也能自己查数据了,减少了运营找我写 SQL 的次数。', '4 天前', NOW() - INTERVAL '4 days'),
('rv_sql_2', 'wf_seed_sql', '后端实习生', '实', 5, '免费的!学 SQL 的最佳工具,生成的查询还附带解释,相当于带教了。', '1 周前', NOW() - INTERVAL '7 days'),
('rv_social_1', 'wf_seed_social', '新媒体运营', '媒', 4, '内容日历规划省了很多时间,但希望能支持直接对接平台 API 定时发布。', '3 天前', NOW() - INTERVAL '3 days'),
('rv_contract_1', 'wf_seed_contract', '创业公司 CEO', 'C', 5, '签合同前先过一遍,标出的风险条款确实专业,请律师之前先自查一遍心里有底。', '6 天前', NOW() - INTERVAL '6 days')
ON CONFLICT (id) DO NOTHING;

-- ========== 推广位申请 ==========
INSERT INTO ad_applications (id, advertiser_name, contact, workflow_name, workflow_url, workflow_desc, slot, price_model, price, status, applied_at) VALUES
('ad_app_1', '北京 XX 科技', 'contact@xxtech.cn', '某 AI 写作工具', 'https://example-writing.com', '专业的 AI 写作平台', 'hero', 'package', 4200, 'pending', NOW() - INTERVAL '2 days'),
('ad_app_2', '上海 XX 数据', 'biz@xxdata.com', '某 SaaS 数据平台', 'https://example-data.com', '企业级数据分析平台', 'category_top', 'cpc', 1.5, 'pending', NOW() - INTERVAL '1 day')
ON CONFLICT (id) DO NOTHING;

-- ========== 用户提交外部工具 ==========
INSERT INTO tool_submissions (id, submitter_name, contact, tool_name, tool_url, tool_desc, category, tags, price_model, price_amount, status, submitted_at) VALUES
('tool_sub_1', '陈同学', 'chen@example.com', 'PromptForge 提示词库', 'https://example-promptforge.com', '面向中文运营和设计团队的提示词协作工具,支持团队收藏和版本管理。', '效率 · 办公', ARRAY['提示词','团队协作','效率'], 'free', 0, 'pending', NOW() - INTERVAL '12 hours'),
('tool_sub_2', '杭州某电商团队', 'ops@example.com', 'ModelShot 商品模特图', 'https://example-modelshot.com', '上传平铺商品图后生成不同人群、场景和姿势的模特穿搭图。', '设计 · 海报', ARRAY['电商','模特图','AI 生图'], 'cpc', 0.8, 'pending', NOW() - INTERVAL '2 hours')
ON CONFLICT (id) DO NOTHING;
